{
	"type": "PINHOLE",
	"width": 640,
	"height": 480,

	"fx": 539.3150710268638,
	"fy": 539.660053475594,
	"cx": 317.4081542951948,
	"cy": 237.3821413874526
}

